site_code,Taxon,NewTaxon,Notes,Omit
ahth.is,FESTUCA RICHARDSONII,FESTUCA SP.,,No
ahth.is,FESTUCA VIVIPARA,FESTUCA SP.,,No
amlr.is,AGROSTIS CAPILLARIS,AGROSTIS SP.,,No
amlr.is,AGROSTIS VINEALIS,AGROSTIS SP.,,No
amlr.is,FESTUCA RICHARDSONII,FESTUCA SP.,,No
amlr.is,FESTUCA VIVIPARA,FESTUCA SP.,,No
amlr.is,FESTUCA RUBRA,FESTUCA SP.,,No
amlr.is,RUMEX ACETOSA,RUMEX SP.,,No
amlr.is,RUMEX ACETOSELLA,RUMEX SP.,,No
arch.us,CARPHEPHORUS CARPHEPHORUS,CARPHEPHORUS SP.,,No
arch.us,SOLIDAGO FISTULOSA,SOLIDAGO SP.,,No
arch.us,CYPERUS SP.,CYPERUS RETRORSUS,,No
arch.us,RHYNCHOSPORA FASCICULARIS,RHYNCHOSPORA SP.,,No
arch.us,RHYNCHOSPORA FILIFOLIA,RHYNCHOSPORA SP.,,No
arch.us,SCLERIA CILIATA,SCLERIA SP.,,No
arch.us,SCLERIA PAUCIFLORA,SCLERIA SP.,,No
arch.us,SCLERIA RETICULARIS,SCLERIA SP.,,No
arch.us,LUDWIGIA ALATA,LUDWIGIA SP.,,No
arch.us,LUDWIGIA CURTISSII,LUDWIGIA SP.,,No
arch.us,LUDWIGIA MARITIMA,LUDWIGIA SP.,,No
arch.us,LUDWIGIA PILOSA,LUDWIGIA SP.,,No
arch.us,ANDROPOGON SP.,ANDROPOGON VIRGINICUS,,No
arch.us,ANDROPOGON VIRGINICUS var. GLAUCUS,ANDROPOGON VIRGINICUS,,No
arch.us,ANDROPOGON VIRGINICUS var. VIRGINICUS,ANDROPOGON VIRGINICUS,,No
arch.us,AXONOPUS FURCATUS,AXONOPUS SP.,,No
arch.us,PANICUM AGROSTOIDES,PANICUM SP.,,No
arch.us,PANICUM HEMITOMON,PANICUM SP.,,No
arch.us,UNKNOWN GRASS SP.,EXCLUDE,,No
azi.cn,TIBETIA,GUELDENSTAEDTIA VERNA,are these the same?,Yes
azi.cn,SAUSSUREA NEOFRANCHETII,SAUSSUREA SP.,,No
azi.cn,SAUSSUREA NIGRESCENS,SAUSSUREA SP.,,No
azi.cn,SAUSSUREA PACHYNEURA,SAUSSUREA SP.,,No
azi.cn,SAUSSUREA STELLA,SAUSSUREA SP.,,No
azi.cn,POA ATTENUATA var. KENG,POA ATTENUATA,,No
azi.cn,VIOLA STRIATELLA,VIOLA SP.,,No
badlau.de,VICIA SATIVA SSP. NIGRA,VICIA SATIVA,,No
barta.us,,,no changes,Yes
bayr.de,QUERCUS ROBUR,QUERCUS SP.,,No
bayr.de,CRATAEGUS MONOGYNA,CRATAEGUS SP.,,No
bayr.de,PRUNUS SPINOSA,PRUNUS SP.,,No
bldr.us,PODOSPERMUM LACINIATUM,SCORZONERA LACINIATA,,No
bldr.us,PODOSPERMUM SCORZONEROIDES,SCORZONERA LACINIATA,,No
bldr.us,PODOSPERMUM SP.,SCORZONERA LACINIATA,,No
bldr.us,MEDICAGO SP.,MEDICAGO LUPULINA,,No
bldr.us,UNKNOWN GRASS,VULPIA BROMOIDES,,No
bnch.us,,,No Agrostis in year_trt == 3?,Yes
bnch.us,,,No Danthonia in year_trt == 3?,Yes
bnch.us,UNKNOWN CARYOPHYLLACEAE SP.,MOEHRINGIA LATERIFLORA,,No
bnch.us,ASTER SP.,SYMPHYOTRICHUM SPATHULATUM,,No
bnch.us,CAREX HOODII,CAREX PENSYLVANICA,,No
bnch.us,ELYMUS GLAUCUS,ELYMUS REPENS,,No
bnch.us,UNKNOWN POLEMONIACEAE SP.,MICROSTERIS GRACILIS,,No
bnch.us,UNKNOWN GRASS,EXCLUDE,,No
bogong.au,ERIGERON BELLIDIOIDES,ERIGERON SP.,,No
bogong.au,ERIGERON NITIDUS,ERIGERON SP.,,No
bogong.au,MICROSERIS SP.,MICROSERIS LANCEOLATA,,No
burrawan.au,,,no changes,Yes
burren.ie,DACTYLORHIZA FUCHSII,DACTYLORHIZA SP.,,No
burren.ie,DACTYLORHIZA MACULATA,DACTYLORHIZA SP.,,No
burren.ie,ROSA XANTHINA,ROSA SPINOSISSIMA,,No
burren.ie,UNKNOWN ORCHIDACEAE SP.,EXCLUDE,,No
cbgb.us,CIRSIUM ARVENSE,CIRSIUM SP.,,No
cbgb.us,CIRSIUM VULGARE,CIRSIUM SP.,,No
cbgb.us,HELIANTHUS SP.,HELIANTHUS GROSSESERRATUS,,No
cbgb.us,SOLIDAGO SP.,SOLIDAGO CANADENSIS,,No
cbgb.us,SYMPHYOTRICHUM SP.,SYMPHYOTRICHUM PILOSUM,,No
cbgb.us,GALIUM SP.,GALIUM CONCINNUM,,No
cbgb.us,SOLANUM SP.,SOLANUM CAROLINENSE,,No
cbgb.us,UNKNOWN GRASS,EXCLUDE,,No
cdcr.us,,,no Elymus repens in 2009?,Yes
cdcr.us,CHENOPODIUM SP.,CHENOPODIUM ALBUM,,No
cdcr.us,ASCLEPIAS SP.,ASCLEPIAS SYRIACA,,No
cdcr.us,SILENE LATIFOLIA,LYCHNIS LATIFOLIA SSP. ALBA,synonyms,No
cdcr.us,ASTER SP.,SYMPHYOTRICHUM BOREALE,,No
cdcr.us,ERIGERON CANADENSIS,CONYZA CANADENSIS,synonyms,No
cdcr.us,ERIGERON SP.,ERIGERON STRIGOSUS,,No
cdcr.us,RUDBECKIA SP.,RUDBECKIA HIRTA,,No
cdcr.us,RUDBECKIA HIRTA var. PULCHERRIMA,RUDBECKIA HIRTA,variety,No
cdcr.us,SOLIDAGO SP.,SOLIDAGO MISSOURIENSIS,,No
cdcr.us,CAREX SCOPARIA,CAREX SP.,,No
cdcr.us,CYPERUS FILICULMIS,CYPERUS SP.,,No
cdcr.us,CYPERUS GRAYI,CYPERUS SP.,,No
cdcr.us,CYPERUS LUPULINUS,CYPERUS SP.,,No
cdcr.us,CYPERUS SCHWEINITZII,CYPERUS SP.,,No
cdcr.us,UNKNOWN FABACEAE,LESPEDEZA CAPITATA,,No
cdcr.us,UNKNOWN LAMIACEAE ,HEDEOMA HISPIDA,,No
cdcr.us,PANICUM SP.,PANICUM ACUMINATUM,,No
cdcr.us,UNKNOWN GRASS SP.,EXCLUDE,,No
cdcr.us,,,Why no Elymus repens in 2009?,Yes
cdcr.us,POPULUS DELTOIDES,POPULUS TREMULOIDES,,No
cdpt.us,,,no changes,Yes
cereep.fr,,,why so much Hypochaeris in year 0?,Yes
cereep.fr,,,why minimum value of 2.5 in year 0?,Yes
cereep.fr,MYOSOTIS ARVENSIS,MYOSOTIS SP.,,No
cereep.fr,MYOSOTIS RAMOSISSIMA,MYOSOTIS SP.,,No
cereep.fr,SILENE LATIFOLIA,SILENE LATIFOLIA SSP. ALBA,subspecies,No
cereep.fr,UNKNOWN CARYOPHYLLACEAE SP.,SILENE VULGARIS,,No
cereep.fr,CREPIS SETOSA,CREPIS SP.,,No
cereep.fr,JACOBAEA VULGARIS,SENECIO JACOBAEA,synonyms,No
cereep.fr,SENECIO SP.,SENECIO JACOBAEA,,No
cereep.fr,PICRIS SP.,PICRIS HIERACIOIDES,,No
cereep.fr,TARAXACUM SP.,TARAXACUM CAMPYLODES,,No
cereep.fr,TRIFOLIUM ANGUSTIFOLIUM,TRIFOLIUM SP.,,No
cereep.fr,TRIFOLIUM ARVENSE,TRIFOLIUM SP.,,No
cereep.fr,TRIFOLIUM CAMPESTRE,TRIFOLIUM SP.,,No
cereep.fr,TRIFOLIUM DUBIUM,TRIFOLIUM SP.,,No
cereep.fr,TRIFOLIUM FRAGIFERUM,TRIFOLIUM SP.,,No
cereep.fr,TRIFOLIUM PRATENSE,TRIFOLIUM SP.,,No
cereep.fr,TRIFOLIUM REPENS,TRIFOLIUM SP.,,No
cereep.fr,VICIA sativa SSP. nigra,VICIA SATIVA,subspecies,No
cereep.fr,VICIA CRACCA,VICIA SP.,,No
cereep.fr,VICIA LATHYROIDES,VICIA SP.,,No
cereep.fr,VICIA SEPIUM,VICIA SP.,,No
cereep.fr,VICIA TETRASPERMA,VICIA SP.,,No
cereep.fr,ERODIUM SP.,ERODIUM CICUTARIUM,,No
cereep.fr,GERANIUM DISSECTUM,GERANIUM SP.,,No
cereep.fr,GERANIUM MOLLE,GERANIUM SP.,,No
cereep.fr,GERANIUM PUSILLUM,GERANIUM SP.,,No
cereep.fr,GERANIUM PYRENAICUM,GERANIUM SP.,,No
cereep.fr,GERANIUM ROTUNDIFOLIUM,GERANIUM SP.,,No
cereep.fr,HYPERICUM MACULATUM SSP. OBTUSIUSCULUM,HYPERICUM SP.,,No
cereep.fr,HYPERICUM PERFORATUM,HYPERICUM SP.,,No
cereep.fr,AGROSTIS CANINA,AGROSTIS SP.,,No
cereep.fr,AGROSTIS GIGANTEA,AGROSTIS SP.,,No
cereep.fr,ARRHENATHERUM elatius SSP. bulbosum,ARRHENATHERUM ELATIUS,subspecies,No
cereep.fr,BROMUS PECTINATUS,BROMUS HORDEACEUS,,No
cereep.fr,BROMUS SP.,BROMUS HORDEACEUS,,No
cereep.fr,FESTUCA SP.,FESTUCA RUBRA,,No
cereep.fr,POA pratensis SSP. latifolia,POA PRATENSIS,subspecies,No
cereep.fr,POA SP.,POA TRIVIALIS,,No
cereep.fr,VULPIA SP.,VULPIA MYUROS,,No
cereep.fr,UNKNOWN GRASS SP.,EXCLUDE,,No
cereep.fr,RUMEX SP.,RUMEX ACETOSELLA,,No
cereep.fr,RANUNCULUS SP.,RANUNCULUS REPENS,,No
cereep.fr,POTENTILLA SP.,POTENTILLA ARGENTEA,,No
cereep.fr,VERONICA SP.,VERONICA ARVENSIS,,No
cereep.fr,VALERIANELLA SP.,VALERIANELLA LOCUSTA,,No
cereep.fr,UNKNOWN ASTERACEAE SP.,EXCLUDE,omitted but accounts for 35% cover!,No
chilcas.ar,CAREX SP.,CAREX PHALAROIDES,,No
chilcas.ar,CYPERUS SP.,CYPERUS ERAGROSTIS,,No
chilcas.ar,BROMUS AULETICUS,BROMUS BRACHYANTHERUS,,No
comp.pt,,,plot 14 unusual: Asteraceae only in 2012,Yes
comp.pt,CREPIS CAPILLARIS,CREPIS SP.,,No
comp.pt,CREPIS VESICARIA,CREPIS SP.,,No
comp.pt,HYPOCHAERIS,HYPOCHAERIS GLABRA,,No
comp.pt,LEONTODON TARAXACOIDES,HYPOCHAERIS GLABRA,,No
comp.pt,TRIFOLIUM GEMELLUM,TRIFOLIUM SP.,,No
comp.pt,TRIFOLIUM GLOMERATUM,TRIFOLIUM SP.,,No
comp.pt,TRIFOLIUM LIGUSTICUM,TRIFOLIUM SP.,,No
comp.pt,ERODIUM AETHIOPICUM,ERODIUM SP.,,No
comp.pt,ERODIUM BOTRYS,ERODIUM SP.,,No
comp.pt,ERODIUM CICUTARIUM,ERODIUM SP.,,No
comp.pt,OROBANCHE SP.,OROBANCHE MINOR,,No
comp.pt,PLANTAGO BELLARDI,PLANTAGO BELLARDII,misspelling?,No
comp.pt,UNKNOWN GRASS,AGROSTIS POURRETII,,No
comp.pt,VULPIA,VULPIA BROMOIDES,,No
comp.pt,UNKNOWN ASTERACEAE SP.,EXCLUDE,,No
comp.pt,UNKNOWN ASTERACEAE,EXCLUDE,,No
cowi.ca,,,no changes,Yes
cowi.ca,,,Bellis perennis == Leucanthemum vulgare?,Yes
doane.us,SOLIDAGO SP.,SOLIDAGO CANADENSIS,,No
doane.us,PHYSALIS VIRGINIANA,PHYSALIS LONGIFOLIA,,No
doane.us,UNKNOWN GRASS,EXCLUDE,,No
elliot.us,CROTON SETIGER,CROTON SETIGERUS,misspelling?,No
elliot.us,JUNCUS SP.,JUNCUS DUBIUS,,No
ethamc.au,,,no changes,No
ethass.au,,,no changes,No
frue.ch,,,no changes,Yes
gilb.za,,,no changes,Yes
hall.us,RUBUS SP.,RUBUS ALLEGHENIENSIS,,No
hart.us,,,Unknown = Microsteris?,Yes
hart.us,ALLIUM SP.,ALLIUM ACUMINATUM,,No
hart.us,AGOSERIS SP.,AGOSERIS GLAUCA,,No
hart.us,CREPIS OCCIDENTALIS,CREPIS SP.,,No
hart.us,ASTRAGALUS SP.,ASTRAGALUS FILIPES,,No
hart.us,LUPINUS SP.,LUPINUS UNCIALIS,,No
hero.uk,,,no changes,Yes
hnvr.us,IPOMOEA SP.,CALYSTEGIA SEPIUM,,No
hnvr.us,CAREX SP.,CAREX GRACILLIMA,,No
hopl.us,UNKNOWN APIACEAE SP.,DAUCUS PUSILLUS,,No
hopl.us,DAUCUS SP.,DAUCUS PUSILLUS,,No
hopl.us,SANICULA SP.,SANICULA BIPINNATA,,No
hopl.us,TORILIS ARVENSIS,TORILIS SP.,,No
hopl.us,TORILIS NODOSA,TORILIS SP.,,No
hopl.us,BRODIAEA CORONARIA,TRITELEIA SP.,,No
hopl.us,BRODIAEA SP.,TRITELEIA SP.,,No
hopl.us,PLAGIOBOTHRYS SP.,PLAGIOBOTHRYS NOTHOFULVUS,,No
hopl.us,CENTAUREA SP.,CENTAUREA MELITENSIS,,No
hopl.us,MADIA GRACILIS,MADIA SP.,,No
hopl.us,MADIA SATIVA,MADIA SP.,,No
hopl.us,EUPHORBIA SP.,EUPHORBIA PEPLUS,,No
hopl.us,UNKNOWN EUPHORBIACEAE,EUPHORBIA SPATHULATA,,No
hopl.us,LATHYRUS SP.,LATHYRUS SPHAERICUS,,No
hopl.us,LOTUS SP.,ACMISPON WRANGELIANUS,,No
hopl.us,LUPINUS BICOLOR,LUPINUS SP.,,No
hopl.us,LUPINUS NANUS,LUPINUS SP.,,No
hopl.us,TRIFOLIUM ALBOPURPUREUM,TRIFOLIUM SP.,,No
hopl.us,TRIFOLIUM BIFIDUM,TRIFOLIUM SP.,,No
hopl.us,TRIFOLIUM CILIOLATUM,TRIFOLIUM SP.,,No
hopl.us,TRIFOLIUM DUBIUM,TRIFOLIUM SP.,,No
hopl.us,TRIFOLIUM GRACILENTUM,TRIFOLIUM SP.,,No
hopl.us,TRIFOLIUM MICROCEPHALUM,TRIFOLIUM SP.,,No
hopl.us,TRIFOLIUM WILLDENOVII,TRIFOLIUM SP.,,No
hopl.us,VICIA AMERICANA,VICIA SATIVA,,No
hopl.us,VICIA SP.,VICIA SATIVA,,No
hopl.us,CLARKIA SP.,CLARKIA PURPUREA,,No
hopl.us,AEGILOPS SP.,AEGILOPS TRIUNCIALIS,,No
hopl.us,AVENA FATUA,AVENA BARBATA,,No
hopl.us,CRATAEGUS SP.,CRATAEGUS DOUGLASII,,No
hopl.us,GALIUM APARINE,GALIUM SP.,,No
hopl.us,GALIUM PARISIENSE,GALIUM SP.,,No
hopl.us,UNKNOWN ASTERACEAE SP.,EXCLUDE,,No
hopl.us,UNKNOWN LILIACEAE,EXCLUDE,,No
jena.de,,,no changes,Yes
kbs.us,UNKNOWN ASTERACEAE,EXCLUDE,,No
kbs.us,MELILOTUS OFFICINALIS SSP. ALBA,MELILOTUS OFFICINALIS,subspecies,No
kbs.us,MELILOTUS SP.,MELILOTUS OFFICINALIS,,No
kbs.us,TRIFOLIUM,TRIFOLIUM REPENS,,No
kbs.us,SETARIA SP.,SETARIA PUMILA,,No
kbs.us,UNKNOWN GRASS,ARRHENATHERUM ELATIUS,,No
kbs.us,PRUNUS SP.,MALUS SP.,,No
kbs.us,ACER SP.,ACER NEGUNDO,,No
kibber.in,UNKNOWN GRASS SP.,ELYMUS LONGIARISTATUS,,No
kibber.in,POLYGONUM AVICULARE,POLYGONUM SP.,,No
kilp.fi,LEONTODON AUTUMNALIS var. TARAXACI,SCORZONEROIDES AUTUMNALIS,,No
kilp.fi,EMPETRUM NIGRUM SSP. HERMAPHRODITUM,EMPETRUM NIGRUM,subspecies,No
kilp.fi,RANUNCULUS ACRIS SSP. PUMILUS,RANUNCULUS ACRIS,subspecies,No
kiny.au,ARTHROPODIUM SP.,ARTHROPODIUM MINUS,,No
kiny.au,ATRIPLEX SP.,ATRIPLEX SEMIBACCATA,,No
kiny.au,MAIREANA SP.,MAIREANA ENCHYLAENOIDES,,No
kiny.au,RHODANTHE SP.,RHODANTHE CORYMBIFLORA,,No
kiny.au,SONCHUS SP.,SONCHUS OLERACEUS,,No
kiny.au,SONCHUS ASPER,SONCHUS OLERACEUS,,No
kiny.au,CRASSULA SP.,CRASSULA SIEBERIANA,,No
kiny.au,TRIFOLIUM ,TRIFOLIUM SP.,,No
kiny.au,TRIFOLIUM DUBIUM,TRIFOLIUM SP.,,No
kiny.au,TRIFOLIUM GLOMERATUM,TRIFOLIUM SP.,,No
kiny.au,TRIFOLIUM ARVENSE,TRIFOLIUM SP.,,No
kiny.au,AVENA SP.,AVENA BARBATA,,No
kiny.au,AVENA FATUA,AVENA BARBATA,,No
kiny.au,BROMUS SP.,BROMUS RUBENS,,No
kiny.au,LOLIUM PERENNE,LOLIUM SP.,,No
kiny.au,LOLIUM RIGIDUM,LOLIUM SP.,,No
kiny.au,RYTIDOSPERMA ,RYTIDOSPERMA SP.,,No
kiny.au,VULPIA BROMOIDES,VULPIA SP.,,No
kiny.au,UNKNOWN ASTERACEAE ,EXCLUDE,,No
koffler.ca,CAREX PLANTAGINEA,CAREX SP.,,No
koffler.ca,UNKNOWN ASTERACEAE ,EXCLUDE,,No
konz.us,EUPHORBIA SERPENS,EUPHORBIA NUTANS,,No
konz.us,MUHLENBERGIA CUSPIDATA,MUHLENBERGIA RACEMOSA,,No
lagoas.br,POLICARPAEA CORYMBOSA,POLYCARPAEA CORYMBOSA,spelling,Yes
lake.us,DALEA SP.,DALEA CANDIDA,,No
lake.us,MELILOTUS ALBUS,MELILOTUS SP.,,No
lake.us,MELILOTUS OFFICINALIS,MELILOTUS SP.,,No
lake.us,SOLANUM SP.,SOLANUM AMERICANUM,,No
lancaster.uk,,,no changes,Yes
look.us,UNKNOWN APIACEAE SP.,ANGELICA GENUFLEXA,,No
look.us,UNKNOWN BRASSICACEAE SP.,ERYSIMUM CAPITATUM,,No
look.us,UNKNOWN CARYOPHYLLACEAE SP.,MOEHRINGIA LATERIFLORA,,No
look.us,CAREX HOODII,CAREX PENSYLVANICA,,No
look.us,GALIUM SP.,GALIUM OREGANUM,,No
look.us,UNKNOWN ASTERACEAE SP.,EXCLUDE,,No
marc.ar,MEDICAGO MINIMA,MEDICAGO LUPULINA,,No
marc.ar,UNKNOWN GRASS ,EXCLUDE,,No
marc.ar,UNKNOWN GRASS,EXCLUDE,,No
mcla.us,BRODIAEA SP.,DICHELOSTEMMA CAPITATUM,,No
mcla.us,TRITELEIA LAXA,DICHELOSTEMMA CAPITATUM,,No
mcla.us,TRITELEIA SP.,DICHELOSTEMMA CAPITATUM,,No
mcla.us,UNKNOWN LILIACEAE,DICHELOSTEMMA CAPITATUM,Family not set to Asparagaceae,No
mcla.us,CENTAUREA MELITENSIS,CENTAUREA SP.,,No
mcla.us,CENTAUREA SOLSTITIALIS,CENTAUREA SP.,,No
mcla.us,LUPINUS BICOLOR,LUPINUS SP.,,No
mcla.us,LUPINUS NANUS,LUPINUS SP.,,No
mcla.us,LUPINUS SUCCULENTUS,LUPINUS SP.,,No
mcla.us,TRIFOLIUM SP.,TRIFOLIUM FUCATUM,,No
mcla.us,AVENA BARBATA,AVENA FATUA,,No
mcla.us,POA SP.,POA SECUNDA,,No
mcla.us,UNKNOWN GRASS,POA SECUNDA,,No
mcla.us,UNKNOWN BRASSICACEAE,EXCLUDE,,No
mcla.us,UNKNOWN ASTERACEAE,EXCLUDE,,No
mtca.au,HORDEUM MURINUM SSP. LEPORINUM,HORDEUM MURINUM,subspecies,No
nilla.au,,,no changes,Yes
pape.de,,,no changes,Yes
ping.au,UNKNOWN GRASS SP.,EXCLUDE,,No
pinj.au,MEDICAGO POLYMORPHA,MEDICAGO SP.,,No
pinj.au,UNKNOWN FABACEAE,EXCLUDE,,No
potrok.ar,,,no changes,Yes
potrok.ar,,,data unusually consistent over time,Yes
rook.uk,,,no changes,Yes
saana.fi,,,no changes,Yes
sage.us,,,no changes,Yes
saline.us,,,Asclepias syriaca == Apocynum cannabinum?,Yes
saline.us,,,note strong reversal in Sporobolus sp. In years 1 & 2,Yes
saline.us,LIATRIS PUNCTATA,LIATRIS MUCRONATA,,No
saline.us,SOLIDAGO RIGIDA,SOLIDAGO CANADENSIS,,No
saline.us,EUPHORBIA DENTATA,EUPHORBIA SP.,,No
saline.us,EUPHORBIA MARGINATA,EUPHORBIA SP.,,No
saline.us,EUPHORBIA NUTANS,EUPHORBIA SP.,,No
saline.us,EUPHORBIA SERPENS,EUPHORBIA SP.,,No
saline.us,EUPHORBIA SPATHULATA,EUPHORBIA SP.,,No
saline.us,SOLANUM SP.,SOLANUM PTYCHANTHUM,,No
saline.us,SOLANUM ROSTRATUM,SOLANUM PTYCHANTHUM,,No
saline.us,UNKNOWN LAMIACEAE,EXCLUDE,,No
sava.us,VACCINIUM VIRGATUM,VACCINIUM STAMINEUM,,No
sava.us,QUERCUS FALCATA,QUERCUS MARGARETTIAE,,No
sava.us,DANTHONIA SERICEA,ERAGROSTIS SPECTABILIS,,No
sava.us,MUHLENBERGIA CAPILLARIS,ERAGROSTIS SPECTABILIS,,No
sava.us,RUBUS CUNEIFOLIUS,RUBUS FLAGELLARIS,,No
sava.us,SMILAX BONA-NOX,SMILAX MARITIMA,,No
sedg.us,ASTER SP.,CORETHROGYNE FILAGINIFOLIA,,No
sedg.us,CIRSIUM SP.,CARDUUS PYCNOCEPHALUS,,No
sedg.us,TRIFOLIUM MICROCEPHALUM,TRIFOLIUM SP.,,No
sereng.tz,CYPERUS MOLLIPES,CYPERUS NIVEUS var. LEUCOCEPHALUS,,No
sereng.tz,MARISCUS SP.,CYPERUS NIVEUS var. LEUCOCEPHALUS,,No
sereng.tz,CYPERUS REMOTUS,CYPERUS SQUARROSUS,,No
sereng.tz,KYLLINGA NERVOSA,KYLLINGA SP.,,No
sereng.tz,KYLLINGA ALBA,KYLLINGA SP.,,No
sereng.tz,DACTYLOCTENIUM SP.,DACTYLOCTENIUM AEGYPTIUM,,No
sevi.us,SALSOLA KALI SSP. TRAGUS,SALSOLA KALI,subspecies,No
sevi.us,EUPHORBIA SP.,EUPHORBIA ALBOMARGINATA,,No
sevi.us,SPHAERALCEA COCCINEA,SPHAERALCEA SP.,,No
sevi.us,SPHAERALCEA HASTULATA,SPHAERALCEA SP.,,No
sevi.us,SPHAERALCEA POLYCHROMA,SPHAERALCEA SP.,,No
sevi.us,SPOROBOLUS CONTRACTUS,SPOROBOLUS SP.,,No
sevi.us,SPOROBOLUS CRYPTANDRUS,SPOROBOLUS SP.,,No
sevi.us,SPOROBOLUS FLEXUOSUS,SPOROBOLUS SP.,,No
sgs.us,,,Oxytropis widespread but only in year 2??,Yes
sgs.us,AMARANTHUS SP.,AMARANTHUS GRAECIZANS,,No
sgs.us,EUPHORBIA BRACHYCERA,EUPHORBIA GLYPTOSPERMA,,No
sgs.us,ASTRAGALUS SP.,ASTRAGALUS BISULCATUS,,No
sgs.us,ELYMUS CANADENSIS,ELYMUS ELYMOIDES,,No
sgs.us,SCHEDONNARDUS PANICULATUS,ELYMUS ELYMOIDES,,No
sgs.us,SOLANUM SP.,SOLANUM ROSTRATUM,,No
shps.us,LAPPULA OCCIDENTALIS var. OCCIDENTALIS,LAPPULA REDOWSKII,,No
shps.us,ANTENNARIA SP.,ANTENNARIA DIMORPHA,,No
shps.us,PSEUDOSCLEROCHLOA RUPESTRIS,POA SECUNDA,,No
shps.us,UNKNOWN BRASSICACEAE SP.,EXCLUDE,,No
sier.us,,,what is Aster?,Yes
sier.us,TORILIS ARVENSIS,TORILIS SP.,,No
sier.us,TORILIS NODOSA,TORILIS SP.,,No
sier.us,TORILIS,TORILIS SP.,,No
sier.us,UNKNOWN APIACEAE,DAUCUS PUSILLUS,,No
sier.us,BRODIAEA SP.,TRITELEIA HYACINTHINA,,No
sier.us,TRITELEIA LAXA,TRITELEIA HYACINTHINA,,No
sier.us,TRITELEIA SP.,TRITELEIA HYACINTHINA,,No
sier.us,UNKNOWN LILIACEAE,TRITELEIA HYACINTHINA,,No
sier.us,DICHELOSTEMMA MULTIFLORUM,DICHELOSTEMMA CAPITATUM,,No
sier.us,DICHELOSTEMMA VOLUBILE,DICHELOSTEMMA CAPITATUM,,No
sier.us,PLAGIOBOTHRYS SP.,PLAGIOBOTHRYS NOTHOFULVUS,,No
sier.us,CARDAMINE SP.,CARDAMINE OLIGOSPERMA,,No
sier.us,SILENE GALLICA,PETRORHAGIA DUBIA,,No
sier.us,STELLARIA SP.,STELLARIA MEDIA,,No
sier.us,HEMIZONIA,HEMIZONIA CONGESTA,,No
sier.us,MADIA GRACILIS,MADIA SP.,,No
sier.us,MADIA SATIVA,MADIA SP.,,No
sier.us,UNKNOWN ASTERACEAE,ASTER SP.,,No
sier.us,CONVOLVULUS SP.,CONVOLVULUS ARVENSIS,,No
sier.us,LUPINUS BICOLOR,LUPINUS SP.,,No
sier.us,LUPINUS NANUS,LUPINUS SP.,,No
sier.us,LUPINUS,LUPINUS SP.,,No
sier.us,TRIFOLIUM SP.,TRIFOLIUM DUBIUM,,No
sier.us,VICIA SP.,VICIA SATIVA,,No
sier.us,ERODIUM SP.,ERODIUM BOTRYS,,No
sier.us,CLARKIA SP.,CLARKIA PURPUREA,,No
sier.us,UNKNOWN ONAGRACEAE SP.,EPILOBIUM SP.,,No
sier.us,HORDEUM MARINUM,HORDEUM MURINUM,misspelling?,No
sier.us,LINANTHUS SP.,LINANTHUS BICOLOR,,No
sier.us,GALIUM SP.,GALIUM PARISIENSE,,No
sier.us,UNKNOWN CARYOPHYLLACEAE,EXCLUDE,,No
sier.us,UNKNOWN ASTERACEAE SP.,EXCLUDE,,No
smith.us,,,no changes,Yes
spin.us,LYCHNIS LATIFOLIA SSP. ALBA,SILENE LATIFOLIA,synonyms,No
spin.us,UNKNOWN CYPERACEAE,CAREX SP.,,No
spin.us,UNKNOWN ASTERACEAE,EXCLUDE,,No
summ.za,,,no changes,Yes
temple.us,POLYTAENIA TEXANA,POLYTAENIA NUTTALLII,conversation with P. Fay,No
temple.us,TORILIS SP.,TORILIS ARVENSIS,,No
temple.us,LACTUCA SP.,LACTUCA SERRIOLA,,No
temple.us,LACTUCA SERIOLA,LACTUCA SERRIOLA,spelling,No
temple.us,SONCHUS SP.,SONCHUS ASPER,,No
temple.us,MIMOSA QUADRIVALVIS var. PLATYCARPA,MIMOSA NUTTALLII,,No
temple.us,UNKNOWN FABACEAE,EXCLUDE,,No
temple.us,VICIA SP.,VICIA VILLOSA,,No
temple.us,AGALINIS SP.,AGALINIS FASCICULATA,,No
temple.us,SPOROBOLUS SP.,SPOROBOLUS COMPOSITUS,,No
temple.us,UNKNOWN GRASS,EXCLUDE,,No
thth.is,FESTUCA RICHARDSONII,FESTUCA SP.,,No
thth.is,FESTUCA RUBRA,FESTUCA SP.,,No
thth.is,RUMEX SP.,RUMEX ACETOSA,,No
thth.is,VIOLA SP.,VIOLA PALUSTRIS,,No
tmlr.is,AGROSTIS SP.,AGROSTIS STOLONIFERA,,No
tmlr.is,FESTUCA RICHARDSONII,FESTUCA SP.,,No
tmlr.is,FESTUCA RUBRA,FESTUCA SP.,,No
tmlr.is,RUMEX SP.,RUMEX ACETOSA,,No
trel.us,,,no Juncus in 2008?,Yes
trel.us,,,no Carex in 2009 or 2010?,Yes
trel.us,BROMUS SP.,BROMUS INERMIS,,No
ukul.za,PACHYCARPUS SP.,PACHYCARPUS SCABER,,No
ukul.za,ACACIA SP.,ACACIA NILOTICA SSP. KRAUSSIANA,,No
ukul.za,CHAMAECRISTA COMOSA,CHAMAECRISTA SP.,,No
ukul.za,CHAMAECRISTA PLUMOSA,CHAMAECRISTA SP.,,No
ukul.za,CROTALARIA GLOBIFERA,CROTALARIA SP.,,No
ukul.za,ALBUCA,ALBUCA SETOSA,,No
ukul.za,LEDEBOURIA SP.,LEDEBOURIA COOPERI,,No
ukul.za,HYPERICUM AETHIOPICUM SSP. SONDERI,HYPERICUM SP.,,No
ukul.za,LEONOTIS OCYMIFOLIA var. RAINERIANA,LEONOTIS LEONURUS,,No
ukul.za,SOLANUM SP.,SOLANUM MAURITIANUM,,No
ukul.za,UNKNOWN FABACEAE SP.,EXCLUDE,,No
ukul.za,UNKNOWN GRASS,EXCLUDE,,No
unc.us,ERIGERON SP.,ERIGERON ANNUUS,,No
unc.us,SOLIDAGO SP.,SOLIDAGO PINETORUM,,No
unc.us,UNKNOWN ASTERACEAE,VERBESINA OCCIDENTALIS,,No
unc.us,PANICUM DICHOTOMUM,PANICUM SP.,,No
unc.us,PANICUM LINEARIFOLIUM,PANICUM SP.,,No
unc.us,SMILAX BONA-NOX,SMILAX ROTUNDIFOLIA,,No
unc.us,UNKNOWN GRASS,EXCLUDE,,No
valm.ch,,,no changes,Yes
veluwe.nl,VERONICA SP.,VERONICA OFFICINALIS,,No
yarra.au,VICIA SATIVA,VICIA SP.,,No
yarra.au,DICHELACHNE SP.,DICHELACHNE SQUAMULOSUM,,No
yarra.au,PASPALUM DILATATUM,PASPALUM SP.,,No
yarra.au,PASPALUM NOTATUM,PASPALUM SP.,,No
yarra.au,UNKNOWN GRASS ,SPOROBOLUS SP.,,No
